num,label,url
1,ransomware,unocl45trpuoefft.1v3bnu.top
2,ransomware,hjhqmbxyinislkkt.1cdqfv.top
3,ransomware,p27dokhpz2n7nvgr.1fu8p3.top
4,ransomware,p27dokhpz2n7nvgr.1hkjl3.top
5,ransomware,52uo5k3t73ypjije.ye42cp.bid
6,ransomware,chromebewfk.top
7,ransomware,wjtqjleommc4z46i.m33d4b.bid
8,ransomware,lrmficvqs.pw
9,ransomware,pmenboeqhyrpvomq.bnctf6.top
10,ransomware,p27dokhpz2n7nvgr.1aweql.top
11,ransomware,37kddsserrt.xyz
12,ransomware,52uo5k3t73ypjije.a0g0o7.bid
13,ransomware,4kqd3hmqgptupi3p.scoreable.bid
14,ransomware,unocl45trpuoefft.7tooul.bid
15,ransomware,ffoqr3ug7m726zou.rxmbsm.top
16,ransomware,p27dokhpz2n7nvgr.1a7wnt.top
17,ransomware,52uo5k3t73ypjije.c7ex9n.top
18,ransomware,barjhxoye.info
19,ransomware,52uo5k3t73ypjije.kwnw1b.bid
20,ransomware,ffoqr3ug7m726zou.wmvsh0.top
21,ransomware,ffoqr3ug7m726zou.rzvhne.top
22,ransomware,pmenboeqhyrpvomq.9nkxd3.top
23,ransomware,unocl45trpuoefft.0kousz.bid
24,ransomware,oqwygprskqv65j72.14jqyo.top
25,ransomware,wjtqjleommc4z46i.obx4vo.bid
26,ransomware,unocl45trpuoefft.jvrh8g.bid
27,ransomware,cerberhhyed5frqa.qor499.top
28,ransomware,pmenboeqhyrpvomq.viceled.pw
29,ransomware,52uo5k3t73ypjije.r4z3o5.bid
30,ransomware,4w5wihkwyhsav2ha.payfactor.at
31,ransomware,52uo5k3t73ypjije.o9w43w.bid
32,ransomware,hjhqmbxyinislkkt.1gxfxt.top
33,ransomware,4kqd3hmqgptupi3p.needmight.win
34,ransomware,4kqd3hmqgptupi3p.5b4ej6.bid
35,ransomware,unocl45trpuoefft.zbj2kc.bid
36,ransomware,egerdpkvutvodmtsy.pw
37,ransomware,lfdachijzuwx4bc4.e6cf2t.bid
38,ransomware,fyqtguo.biz
39,ransomware,52uo5k3t73ypjije.26lpul.bid
40,ransomware,p27dokhpz2n7nvgr.1a7ivn.top
41,ransomware,avsxrcoq2q5fgrw2.1nsnuh.top
42,ransomware,lfdachijzuwx4bc4.m7f27y.bid
43,ransomware,pe2cku7pebkpgeko.p93w1x.bid
44,ransomware,oqwygprskqv65j72.1j1x2b.top
45,ransomware,52uo5k3t73ypjije.8rxv74.bid
46,ransomware,avsxrcoq2q5fgrw2.j4cser.bid
47,ransomware,cerberhhyed5frqa.5kti58.win
48,ransomware,wjtqjleommc4z46i.z97f9v.bid
49,ransomware,unocl45trpuoefft.9bjnlk.bid
50,ransomware,pmenboeqhyrpvomq.7s0g3v.top
51,ransomware,unocl45trpuoefft.mbwxyg.bid
52,ransomware,ffoqr3ug7m726zou.ca15sj.top
53,ransomware,xpcx6erilkjced3j.1mfmkz.top
54,ransomware,hjhqmbxyinislkkt.1gvyo8.top
55,ransomware,stgg5jv6mqiibmax.torshop.li
56,ransomware,p27dokhpz2n7nvgr.1fqwek.top
57,ransomware,p27dokhpz2n7nvgr.1bvadx.top
58,ransomware,w6bfg4hahn5bfnlsafgchkvg5fwsfvrt.hareuna.at
59,ransomware,vrvis6ndra5jeggj.livegaming.ch
60,ransomware,52uo5k3t73ypjije.gnee6i.top
61,ransomware,tdhyjfxltpj.pw
62,ransomware,52uo5k3t73ypjije.js43vy.bid
63,ransomware,pe2cku7pebkpgeko.dj68hn.top
64,ransomware,52uo5k3t73ypjije.veupl2.top
65,ransomware,exnqhgk.xyz
66,ransomware,52uo5k3t73ypjije.m6j75a.bid
67,ransomware,52uo5k3t73ypjije.cm898n.bid
68,ransomware,euduudaehipk.pw
69,ransomware,4kqd3hmqgptupi3p.3lhjyx.top
70,ransomware,4kqd3hmqgptupi3p.lorrydo.lol
71,ransomware,unocl45trpuoefft.0evktl.top
72,ransomware,p27dokhpz2n7nvgr.1mfakx.top
73,ransomware,lcrdceiajmiar.org
74,ransomware,ffoqr3ug7m726zou.ptnbfm.top
75,ransomware,4kqd3hmqgptupi3p.3arvfd.top
76,ransomware,4kqd3hmqgptupi3p.selfcrash.site
77,ransomware,pmenboeqhyrpvomq.g0ots2.top
78,ransomware,www.dealkolld.top
79,ransomware,52uo5k3t73ypjije.z8ijgn.bid
80,ransomware,hjhqmbxyinislkkt.1eagrj.top
81,ransomware,27lelchgcvs2wpm7.bedrastic.bid
82,ransomware,52uo5k3t73ypjije.x9kjcn.bid
83,ransomware,prest54538hnksjn4kjfwdbhwere.hotchunman.com
84,ransomware,wjtqjleommc4z46i.35rof4.bid
85,ransomware,pmenboeqhyrpvomq.0vgu64.top
86,ransomware,kwontdmplpnbl.pw
87,ransomware,dmwajvm.fr
88,ransomware,wjtqjleommc4z46i.eag72x.top
89,ransomware,unocl45trpuoefft.vmomcc.bid
90,ransomware,hjhqmbxyinislkkt.1kjhhf.top
91,ransomware,avsxrcoq2q5fgrw2.1gtx3p.top
92,ransomware,27lelchgcvs2wpm7.asd3r3.top
93,ransomware,ffoqr3ug7m726zou.zee0xr.top
94,ransomware,ahuqfrqk54v3vnzj.v5neyw.bid
95,ransomware,52uo5k3t73ypjije.mbwxyg.bid
96,ransomware,4kqd3hmqgptupi3p.uwckha.top
97,ransomware,cerberhhyed5frqa.mix3hi.win
98,ransomware,52uo5k3t73ypjije.nmapwy.bid
99,ransomware,fdehgchykmiqwdg.info
100,ransomware,52uo5k3t73ypjije.o8hpwj.bid
101,ransomware,ffoqr3ug7m726zou.ffsm1a.bid
102,ransomware,hjhqmbxyinislkkt.1dq6nd.top
103,ransomware,i01001.dgn.vn
104,ransomware,oqwygprskqv65j72.1hbdbx.top
105,ransomware,p27dokhpz2n7nvgr.17ryrs.top
106,ransomware,52uo5k3t73ypjije.8a0sf6.top
107,ransomware,ecjfdaqmmyusxntwl.work
108,ransomware,stgg5jv6mqiibmax.toradmin.li
109,ransomware,h54dc.leverdaze.at
110,ransomware,o4dm3.leaama.at
111,ransomware,p27dokhpz2n7nvgr.18kmtt.top
112,ransomware,52uo5k3t73ypjije.249isv.bid
113,ransomware,cerberhhyed5frqa.cmr95i.win
114,ransomware,p27dokhpz2n7nvgr.1jhnvt.top
115,ransomware,wjtqjleommc4z46i.8a9r2h.bid
116,ransomware,vyohacxzoue32vvk.r3b2sh.top
117,ransomware,unixbroungs.top
118,ransomware,3qbyaoohkcqkzrz6.torcommunity.ch
119,ransomware,vyohacxzoue32vvk.0ot7em.bid
120,ransomware,52uo5k3t73ypjije.aryh7f.bid
121,ransomware,p27dokhpz2n7nvgr.12umzf.top
122,ransomware,vyohacxzoue32vvk.zp9i1l.bid
123,ransomware,52uo5k3t73ypjije.m5fgoi.top
124,ransomware,p27dokhpz2n7nvgr.1jh5kv.top
125,ransomware,hjhqmbxyinislkkt.1fzjn3.top
126,ransomware,unocl45trpuoefft.kf1gxm.bid
127,ransomware,p27dokhpz2n7nvgr.15jznv.top
128,ransomware,52uo5k3t73ypjije.dvuybv.bid
129,ransomware,unocl45trpuoefft.1cn41a.bid
130,ransomware,4kqd3hmqgptupi3p.y5j7e6.top
131,ransomware,hjhqmbxyinislkkt.17rm9b.top
132,ransomware,vyohacxzoue32vvk.kwrd4f.bid
133,ransomware,52uo5k3t73ypjije.95ovzy.top
134,ransomware,vyohacxzoue32vvk.w22p3v.top
135,ransomware,4w5wihkwyhsav2ha.grandhaus.at
136,ransomware,52uo5k3t73ypjije.k21zey.bid
137,ransomware,pmenboeqhyrpvomq.o08a6d.top
138,ransomware,unocl45trpuoefft.xf38wp.bid
139,ransomware,dltvwp.it
140,ransomware,ampjsppmftmfdblpt.info
141,ransomware,pe2cku7pebkpgeko.13inb1.top
142,ransomware,unocl45trpuoefft.eo6rzt.bid
143,ransomware,vyohacxzoue32vvk.kfymbh.top
144,ransomware,52uo5k3t73ypjije.ahvshc.top
145,ransomware,52uo5k3t73ypjije.gg4dgp.bid
146,ransomware,unocl45trpuoefft.5v3uvc.bid
147,ransomware,vyohacxzoue32vvk.2hr4fs.top
148,ransomware,domainstop.top
149,ransomware,unocl45trpuoefft.c4issd.bid
150,ransomware,ftoxmpdipwobp4qy.1nsnuh.top
151,ransomware,fqtdrnqmeofknd.biz
152,ransomware,cerberhhyed5frqa.305iot.top
153,ransomware,anbqjdoyw6wkmpeu.oldtrees.at
154,ransomware,unocl45trpuoefft.60c61d.bid
155,ransomware,p27dokhpz2n7nvgr.1cb19l.top
156,ransomware,ftoxmpdipwobp4qy.7pnxn9.top
157,ransomware,hjhqmbxyinislkkt.13eymq.top
158,ransomware,xpcx6erilkjced3j.1n5mod.top
159,ransomware,rbwubtpsyokqn.info
160,ransomware,4kqd3hmqgptupi3p.4j11jt.bid
161,ransomware,52uo5k3t73ypjije.rgdk0u.top
162,ransomware,yavmxpiqfwmubk.pw
163,ransomware,52uo5k3t73ypjije.ssh3ln.bid
164,ransomware,52uo5k3t73ypjije.snwy26.top
165,ransomware,lfdachijzuwx4bc4.ex9n9v.top
166,ransomware,avsxrcoq2q5fgrw2.w5hilw.top
167,ransomware,hjhqmbxyinislkkt.1w5iy8.top
168,ransomware,de2nuvwegoo32oqv.torworks.li
169,ransomware,hjhqmbxyinislkkt.12m58x.top
170,ransomware,unocl45trpuoefft.frn62e.top
171,ransomware,52uo5k3t73ypjije.7156et.bid
172,ransomware,ftoxmpdipwobp4qy.1gtx3p.top
173,ransomware,ffoqr3ug7m726zou.ndnmuk.top
174,ransomware,p27dokhpz2n7nvgr.13g2v9.top
175,ransomware,p27dokhpz2n7nvgr.1bniyw.top
176,ransomware,ubisortdasert.top
177,ransomware,pmenboeqhyrpvomq.paypoints.red
178,ransomware,avsxrcoq2q5fgrw2.vestjb.top
179,ransomware,4kqd3hmqgptupi3p.he81tz.bid
180,ransomware,vyohacxzoue32vvk.7jrv53.bid
181,ransomware,unocl45trpuoefft.v4kx51.bid
182,ransomware,de2nuvwegoo32oqv.tormilki.li
183,ransomware,avsxrcoq2q5fgrw2.79j8fm.top
184,ransomware,cerberhhyed5frqa.xmfu59.win
185,ransomware,52uo5k3t73ypjije.un8niw.top
186,ransomware,pmenboeqhyrpvomq.yw4629.top
187,ransomware,ffoqr3ug7m726zou.ac7zvz.top
188,ransomware,52uo5k3t73ypjije.b2s4ch.bid
189,ransomware,ffoqr3ug7m726zou.hy6dxo.bid
190,ransomware,zjfq4lnfbs7pncr5.onion.to
191,ransomware,www.1axb.com
192,ransomware,bkdjvmmkwgkvgw.su
193,ransomware,hjhqmbxyinislkkt.1hapca.top
194,ransomware,vyohacxzoue32vvk.mpduf5.bid
195,ransomware,xofguhypjgvxrm.pw
196,ransomware,4kqd3hmqgptupi3p.heldbegun.kim
197,ransomware,bqbbsfdw.be
198,ransomware,ffoqr3ug7m726zou.m3cvi8.top
199,ransomware,52uo5k3t73ypjije.3zotov.bid
200,ransomware,52uo5k3t73ypjije.vkm4l6.top
201,ransomware,3qbyaoohkcqkzrz6.tormain.li
202,ransomware,52uo5k3t73ypjije.80yabh.bid
203,ransomware,4kqd3hmqgptupi3p.b7mciu.top
204,ransomware,4kqd3hmqgptupi3p.z8ijgn.bid
205,ransomware,wjtqjleommc4z46i.hom07d.bid
206,ransomware,52uo5k3t73ypjije.9kxz23.bid
207,ransomware,vyohacxzoue32vvk.d7h6yx.top
208,ransomware,unocl45trpuoefft.barzc4.bid
209,ransomware,avsxrcoq2q5fgrw2.199ovv.top
210,ransomware,52uo5k3t73ypjije.56185u.bid
211,ransomware,ahuqfrqk54v3vnzj.kj3f52.bid
212,ransomware,unocl45trpuoefft.wlvxd6.bid
213,ransomware,p27dokhpz2n7nvgr.1gqqsc.top
214,ransomware,ffoqr3ug7m726zou.hajw7w.bid
215,ransomware,52uo5k3t73ypjije.50cs7p.bid
216,ransomware,lollyoff.info
217,ransomware,pmenboeqhyrpvomq.vkm4l6.top
218,ransomware,pmenboeqhyrpvomq.gnuvaw.bid
219,ransomware,xmniabhrfafptwx.pw
220,ransomware,ffoqr3ug7m726zou.x8p2m7.bid
221,ransomware,pmenboeqhyrpvomq.hwh75t.top
222,ransomware,wjtqjleommc4z46i.993hev.bid
223,ransomware,hjhqmbxyinislkkt.1pxbfh.top
224,ransomware,a64gfdsjhb4htbiwaysbdvukyft5q.zobodine.at
225,ransomware,3qbyaoohkcqkzrz6.tormaster.fr
226,ransomware,mz7oyb3v32vshcvk.torapples.li
227,ransomware,p27dokhpz2n7nvgr.1l4zyd.top
228,ransomware,52uo5k3t73ypjije.gvoafg.bid
229,ransomware,52uo5k3t73ypjije.gtnfgj.top
230,ransomware,arddxjkwrp.xyz
231,ransomware,twbers4hmi6dc65f.tor2web.org
232,ransomware,gfcuxnaek.ru
233,ransomware,p27dokhpz2n7nvgr.173w9w.top
234,ransomware,fnmi62725zfti2vy.vwgxhm.bid
235,ransomware,hjhqmbxyinislkkt.1fgsmc.top
236,ransomware,3qbyaoohkcqkzrz6.tordoor.li
237,ransomware,52uo5k3t73ypjije.bipnnp.bid
238,ransomware,52uo5k3t73ypjije.skri59.top
239,ransomware,lfdachijzuwx4bc4.ev99l6.bid
240,ransomware,unocl45trpuoefft.i1wcrl.bid
241,ransomware,unocl45trpuoefft.lzskva.bid
242,ransomware,4kqd3hmqgptupi3p.stageend.link
243,ransomware,hjhqmbxyinislkkt.1aqq5k.top
244,ransomware,52uo5k3t73ypjije.r2ok0b.bid
245,ransomware,hjhqmbxyinislkkt.127axt.top
246,ransomware,52uo5k3t73ypjije.86rhzr.bid
247,ransomware,52uo5k3t73ypjije.wz139z.top
248,ransomware,ahuqfrqk54v3vnzj.i81wik.bid
249,ransomware,vyohacxzoue32vvk.5m2n7x.top
250,ransomware,cerberhhyed5frqa.raress.win
251,ransomware,htankds.info
252,ransomware,tswsgajtwhqkosd.su
253,ransomware,fpashgkepwtoqdjg.pw
254,ransomware,p27dokhpz2n7nvgr.15rnwa.top
255,ransomware,4kqd3hmqgptupi3p.todaynine.loan
256,ransomware,ffoqr3ug7m726zou.8uvtsg.top
257,ransomware,52uo5k3t73ypjije.u50s89.bid
258,ransomware,hjhqmbxyinislkkt.14o2wp.top
259,ransomware,6g4ds.froekuge.com
260,ransomware,4kqd3hmqgptupi3p.91006j.bid
261,ransomware,3qbyaoohkcqkzrz6.torgateway.li
262,ransomware,kkd47eh4hdjshb5t.angortra.at
263,ransomware,qqonof.info
264,ransomware,unocl45trpuoefft.zjems2.bid
265,ransomware,27lelchgcvs2wpm7.3lhjyx.top
266,ransomware,52uo5k3t73ypjije.twz1ga.top
267,ransomware,52uo5k3t73ypjije.tzgwdf.top
268,ransomware,www.chromehakc.top
269,ransomware,52uo5k3t73ypjije.pap44w.top
270,ransomware,cerberhhyed5frqa.gkfit9.top
271,ransomware,qfjhpgbefuhenjp7.16g9ub.top
272,ransomware,avsxrcoq2q5fgrw2.8l4jpw.top
273,ransomware,vyohacxzoue32vvk.b14kkk.bid
274,ransomware,4kqd3hmqgptupi3p.gameswarm.loan
275,ransomware,uhgmnigjpf.biz
276,ransomware,qfjhpgbefuhenjp7.12u5fl.top
277,ransomware,bddadevlpkwrrmud.xyz
278,ransomware,unocl45trpuoefft.m33d4b.bid
279,ransomware,4kqd3hmqgptupi3p.heardbids.date
280,ransomware,vyohacxzoue32vvk.3m370u.top
281,ransomware,hjhqmbxyinislkkt.1fnjrj.top
282,ransomware,rrcspgfghsjnklts.pw
283,ransomware,unocl45trpuoefft.18xhww.bid
284,ransomware,pe2cku7pebkpgeko.ttx0ig.top
285,ransomware,p27dokhpz2n7nvgr.12a63k.top
286,ransomware,wjtqjleommc4z46i.249isv.bid
287,ransomware,4kqd3hmqgptupi3p.termprior.men
288,ransomware,unocl45trpuoefft.efebgv.bid
289,ransomware,hjhqmbxyinislkkt.13fmby.top
290,ransomware,ahuqfrqk54v3vnzj.45yu0p.bid
291,ransomware,52uo5k3t73ypjije.9nj8ex.top
292,ransomware,52uo5k3t73ypjije.2gbbja.top
293,ransomware,vyohacxzoue32vvk.ug6ewx.top
294,ransomware,ffoqr3ug7m726zou.gwz8gh.top
295,ransomware,hjhqmbxyinislkkt.16l1zt.top
296,ransomware,4kqd3hmqgptupi3p.inforcing.pw
297,ransomware,52uo5k3t73ypjije.rv50gt.bid
298,ransomware,hjhqmbxyinislkkt.13qgdd.top
299,ransomware,vyohacxzoue32vvk.axu3u8.bid
300,ransomware,gfkuwflbhsjdabnu4nfukerfqwlfwr4rw.ringbalor.com
301,ransomware,ffoqr3ug7m726zou.zpjpsf.top
302,ransomware,cxlgwofgrjfoaa.info
303,ransomware,unocl45trpuoefft.ptneek.bid
304,ransomware,fmirgordkhig.xyz
305,ransomware,uhhvhjqowpgopq.xyz
306,ransomware,oqwygprskqv65j72.1gam57.top
307,ransomware,rbg4hfbilrf7to452p89hrfq.boonmower.com
308,ransomware,52uo5k3t73ypjije.x2kl7t.top
309,ransomware,4kqd3hmqgptupi3p.pushstory.bid
310,ransomware,52uo5k3t73ypjije.ojesoa.bid
311,ransomware,unocl45trpuoefft.p1gneb.bid
312,ransomware,de2nuvwegoo32oqv.torfigth.li
313,ransomware,52uo5k3t73ypjije.a2uzpe.top
314,ransomware,4kqd3hmqgptupi3p.143h2a.top
315,ransomware,vyohacxzoue32vvk.c4cwr4.bid
316,ransomware,rzss2zfue73dfvmj.truewargame.ch
317,ransomware,de2nuvwegoo32oqv.tortodorf.li
318,ransomware,avsxrcoq2q5fgrw2.lbxvhk.top
319,ransomware,wqxvsxppjivs.pw
320,ransomware,mz7oyb3v32vshcvk.getstar.li
321,ransomware,vyohacxzoue32vvk.zmn16h.top
322,ransomware,4kqd3hmqgptupi3p.powersno.link
323,ransomware,fnmi62725zfti2vy.p9wol3.top
324,ransomware,k234s.ascotsprue.com
325,ransomware,unocl45trpuoefft.hawtzr.bid
326,ransomware,real346real.top
327,ransomware,52uo5k3t73ypjije.5zxii2.bid
328,ransomware,unocl45trpuoefft.p4sr76.top
329,ransomware,4kqd3hmqgptupi3p.wz139z.top
330,ransomware,unocl45trpuoefft.4bb9vz.bid
331,ransomware,p27dokhpz2n7nvgr.12hxjv.top
332,ransomware,lyrnvane.pw
333,ransomware,ffoqr3ug7m726zou.1feasu.top
334,ransomware,4kqd3hmqgptupi3p.insystem.men
335,ransomware,wjtqjleommc4z46i.54vw9b.bid
336,ransomware,kciylimohteftc.pw
337,ransomware,uiredn4njfsa4234bafb32ygjdawfvs.frascuft.com
338,ransomware,hjhqmbxyinislkkt.1gunao.top
339,ransomware,wjtqjleommc4z46i.44vva6.bid
340,ransomware,hjhqmbxyinislkkt.19xvyd.top
341,ransomware,xpcx6erilkjced3j.16hwwh.top
342,ransomware,xyhhuxa.be
343,ransomware,de2nuvwegoo32oqv.tordrims.li
344,ransomware,unocl45trpuoefft.givxuf.bid
345,ransomware,wjtqjleommc4z46i.nh47ri.bid
346,ransomware,4kqd3hmqgptupi3p.4k9xlx.top
347,ransomware,27lelchgcvs2wpm7.bestfordownload.click
348,ransomware,unocl45trpuoefft.308an1.top
349,ransomware,p27dokhpz2n7nvgr.16bwhs.top
350,ransomware,pmenboeqhyrpvomq.9ildst.top
351,ransomware,pmenboeqhyrpvomq.nh47ri.bid
352,ransomware,p27dokhpz2n7nvgr.12ulcz.top
353,ransomware,lfdachijzuwx4bc4.zreknv.bid
354,ransomware,pornohd24.com
355,ransomware,p27dokhpz2n7nvgr.12smak.top
356,ransomware,wjtqjleommc4z46i.uv39h5.bid
357,ransomware,cerberhhyed5frqa.dkrti5.top
358,ransomware,wjtqjleommc4z46i.kyjw0g.bid
359,ransomware,52uo5k3t73ypjije.pop81.com
360,ransomware,2gdb4.leoraorage.at
361,ransomware,cerberhhyed5frqa.cmr95i.top
362,ransomware,ahuqfrqk54v3vnzj.l7g2sv.bid
363,ransomware,qbqrfyeqqvcvv.pw
364,ransomware,pmenboeqhyrpvomq.e6in0v.top
365,ransomware,wjtqjleommc4z46i.u36ik0.bid
366,ransomware,unocl45trpuoefft.nz6emv.bid
367,ransomware,unocl45trpuoefft.he81tz.bid
368,ransomware,unocl45trpuoefft.rie9py.bid
369,ransomware,vujqbcditgsqxe.fr
370,ransomware,4kqd3hmqgptupi3p.hotcopies.bid
371,ransomware,stgg5jv6mqiibmax.torking.li
372,ransomware,ojmekzw4mujvqeju.minitili.at
373,ransomware,wjtqjleommc4z46i.cdyd2z.bid
374,ransomware,27lelchgcvs2wpm7.xmvr54.top
375,ransomware,qfjhpgbefuhenjp7.1e1y8p.top
376,ransomware,4kqd3hmqgptupi3p.nxmu0x.bid
377,ransomware,avsxrcoq2q5fgrw2.tjdup0.top
378,ransomware,pe2cku7pebkpgeko.pkx86a.top
379,ransomware,ffoqr3ug7m726zou.hzrekn.top
380,ransomware,pmenboeqhyrpvomq.cmri58.top
381,ransomware,ffoqr3ug7m726zou.2fu7bc.top
382,ransomware,hjhqmbxyinislkkt.1xynaz.top
383,ransomware,hjhqmbxyinislkkt.1jmip6.top
384,ransomware,jfmiondv.xyz
385,ransomware,52uo5k3t73ypjije.kas17.com
386,ransomware,oqwygprskqv65j72.1kh9ct.top
387,ransomware,52uo5k3t73ypjije.uwazu7.bid
388,ransomware,lfdachijzuwx4bc4.af38vz.top
389,ransomware,pmenboeqhyrpvomq.p8rruv.top
390,ransomware,4kqd3hmqgptupi3p.holescase.pw
391,ransomware,52uo5k3t73ypjije.whosewine.lol
392,ransomware,p27dokhpz2n7nvgr.1cknbd.top
393,ransomware,p27dokhpz2n7nvgr.13upnc.top
394,ransomware,52uo5k3t73ypjije.bipa9k.bid
395,ransomware,vyohacxzoue32vvk.dgjpgy.top
396,ransomware,vyohacxzoue32vvk.jnv1df.top
397,ransomware,hjhqmbxyinislkkt.1b8tmn.top
398,ransomware,stevnxwq.pw
399,ransomware,vyohacxzoue32vvk.23fvxw.bid
400,ransomware,unocl45trpuoefft.awspm2.top
401,ransomware,52uo5k3t73ypjije.o5xcnd.bid
402,ransomware,vpuroeit.pw
403,ransomware,ahuqfrqk54v3vnzj.9sfk22.bid
404,ransomware,bciuemfaapyf.biz
405,ransomware,twbers4hmi6dc65f.onion.to
406,ransomware,4kqd3hmqgptupi3p.62er3d.top
407,ransomware,52uo5k3t73ypjije.x3nnbd.top
408,ransomware,pmenboeqhyrpvomq.afteghonte.lol
409,ransomware,zjfq4lnfbs7pncr5.tor2web.org
410,ransomware,ahuqfrqk54v3vnzj.ewg6uf.bid
411,ransomware,unocl45trpuoefft.ukwnvw.bid
412,ransomware,avsxrcoq2q5fgrw2.17vj7b.top
413,ransomware,52uo5k3t73ypjije.pfija1.bid
414,ransomware,sqsigig.pw
415,ransomware,cudcfybkk.pw
416,ransomware,hjhqmbxyinislkkt.1mswjm.top
417,ransomware,unocl45trpuoefft.jnd0bj.bid
418,ransomware,pmenboeqhyrpvomq.0nyi6l.bid
419,ransomware,wjtqjleommc4z46i.nnbdlh.bid
420,ransomware,ojmekzw4mujvqeju.dreamtest.at
421,ransomware,pmenboeqhyrpvomq.xneyvm.top
422,ransomware,vyohacxzoue32vvk.zn90h4.bid
423,ransomware,unocl45trpuoefft.j8exy2.bid
424,ransomware,wjtqjleommc4z46i.n8ln0w.bid
425,ransomware,52uo5k3t73ypjije.j8873f.bid
426,ransomware,unocl45trpuoefft.6w3rkc.bid
427,ransomware,ffoqr3ug7m726zou.v0xn1i.bid
428,ransomware,4kqd3hmqgptupi3p.dmvute.top
429,ransomware,p54dhkus4tlkfashdb6vjetgsdfg.greetingshere.at
430,ransomware,p27dokhpz2n7nvgr.1bj4k9.top
431,ransomware,p27dokhpz2n7nvgr.13wm9b.top
432,ransomware,4kqd3hmqgptupi3p.themevery.win
433,ransomware,52uo5k3t73ypjije.csv7o6.bid
434,ransomware,unocl45trpuoefft.54drms.bid
435,ransomware,ftoxmpdipwobp4qy.10nzk9.top
436,ransomware,4kqd3hmqgptupi3p.mi3596.bid
437,ransomware,pmenboeqhyrpvomq.self56.top
438,ransomware,vcabbvhrqhot.pw
439,ransomware,mz7oyb3v32vshcvk.toysworlds.at
440,ransomware,vyohacxzoue32vvk.8g1k17.bid
441,ransomware,vyohacxzoue32vvk.jwi2ek.bid
442,ransomware,ohplsuljopekq.biz
443,ransomware,ibtfqftkgi.pw
444,ransomware,hrfgd74nfksjdcnnklnwefvdsf.materdunst.com
445,ransomware,unocl45trpuoefft.k56185.top
446,ransomware,52uo5k3t73ypjije.cmfkru.top
447,ransomware,52uo5k3t73ypjije.xtppp8.bid
448,ransomware,uxwavkmttywsuynt.pw
449,ransomware,2ymh2gnnbg6pgq2r.gremsot.pl
450,ransomware,p27dokhpz2n7nvgr.1cglxz.top
451,ransomware,avsxrcoq2q5fgrw2.13inb1.top
452,ransomware,oqwygprskqv65j72.1dofqx.top
453,ransomware,clhyelmwnuqhigecp.pw
454,ransomware,ffoqr3ug7m726zou.ud9z0v.top
455,ransomware,p27dokhpz2n7nvgr.1mwipu.top
456,ransomware,52uo5k3t73ypjije.1ufr2v.bid
457,ransomware,ftoxmpdipwobp4qy.17vj7b.top
458,ransomware,p27dokhpz2n7nvgr.1kq4l8.top
459,ransomware,xrhwryizf5mui7a5.vgxcci.top
460,ransomware,vyohacxzoue32vvk.ncw0rp.top
461,ransomware,vyohacxzoue32vvk.pr52ni.top
462,ransomware,unocl45trpuoefft.2y4t6f.bid
463,ransomware,www.flowerxpo.top
464,ransomware,tt54rfdjhb34rfbnknaerg.milerteddy.com
465,ransomware,52uo5k3t73ypjije.yn8krm.bid
466,ransomware,52uo5k3t73ypjije.i8zh1k.bid
467,ransomware,52uo5k3t73ypjije.goztus.bid
468,ransomware,unocl45trpuoefft.lio2wr.bid
469,ransomware,i3ezlvkoi7fwyood.tor2web.org
470,ransomware,x5sbb5gesp6kzwsh.frontymen.pl
471,ransomware,52uo5k3t73ypjije.uw3r6a.top
472,ransomware,4kqd3hmqgptupi3p.bestergo.pw
473,ransomware,jhdgh.club
474,ransomware,ffoqr3ug7m726zou.tx0igu.bid
475,ransomware,4kqd3hmqgptupi3p.clockhate.loan
476,ransomware,p27dokhpz2n7nvgr.17gvad.top
477,ransomware,wjtqjleommc4z46i.fw1bwy.bid
478,ransomware,unocl45trpuoefft.igpfcu.bid
479,ransomware,renaulrtcenturytrick.top
480,ransomware,ffoqr3ug7m726zou.ukswcu.bid
481,ransomware,unocl45trpuoefft.x9le66.top
482,ransomware,p27dokhpz2n7nvgr.1fgywm.top
483,ransomware,igoodsnd.wang
484,ransomware,lfdachijzuwx4bc4.ci221p.top
485,ransomware,pmenboeqhyrpvomq.gletterstan.trade
486,ransomware,ffoqr3ug7m726zou.f5x6ws.top
487,ransomware,www.newtonpaiva.br
488,ransomware,4kqd3hmqgptupi3p.sel7rg.bid
489,ransomware,p27dokhpz2n7nvgr.15nhsf.top
490,ransomware,52uo5k3t73ypjije.1pma4t.bid
491,ransomware,unocl45trpuoefft.noyl9o.bid
492,ransomware,hjhqmbxyinislkkt.13kn4l.top
493,ransomware,pe2cku7pebkpgeko.reu88i.top
494,ransomware,qfjhpgbefuhenjp7.17xukb.top
495,ransomware,gguaxufrt.pw
496,ransomware,f4dsbjhb45wfiuqeib4fkqeg.meccaledgy.at
497,ransomware,oqwygprskqv65j72.1mudaw.top
498,ransomware,52uo5k3t73ypjije.myurv5.bid
499,ransomware,unocl45trpuoefft.ahhc36.top
500,ransomware,ffoqr3ug7m726zou.w67y8u.bid
501,ransomware,hjhqmbxyinislkkt.17kc8y.top
502,ransomware,rastypasty34.top
503,ransomware,qdesslfdcmd.pw
504,ransomware,unocl45trpuoefft.vfuvsv.bid
505,ransomware,ffoqr3ug7m726zou.iocvou.top
506,ransomware,52uo5k3t73ypjije.b7mciu.top
507,ransomware,ffoqr3ug7m726zou.5e4u7d.bid
508,ransomware,52uo5k3t73ypjije.ih9te2.bid
509,ransomware,mz7oyb3v32vshcvk.bidobject.li
510,ransomware,qcwbrevxrotoepsp.pw
511,ransomware,52uo5k3t73ypjije.bar8sc.bid
512,ransomware,oqwygprskqv65j72.1fs9pz.top
513,ransomware,52uo5k3t73ypjije.mn1kms.bid
514,ransomware,4kqd3hmqgptupi3p.r21wmw.top
515,ransomware,unocl45trpuoefft.czzg7f.bid
516,ransomware,pmenboeqhyrpvomq.4pzclh.top
517,ransomware,52uo5k3t73ypjije.loanshown.info
518,ransomware,52uo5k3t73ypjije.x9a6yb.bid
519,ransomware,27lelchgcvs2wpm7.7zv8o2.top
520,ransomware,eoalsoub.pw
521,ransomware,52uo5k3t73ypjije.cjc2jn.top
522,ransomware,52uo5k3t73ypjije.495iru.top
523,ransomware,pmenboeqhyrpvomq.t4hvl4.bid
524,ransomware,wjtqjleommc4z46i.pmnz7a.bid
525,ransomware,52uo5k3t73ypjije.sdfztr.bid
526,ransomware,4kqd3hmqgptupi3p.k7oud1.top
527,ransomware,p27dokhpz2n7nvgr.1jzmjr.top
528,ransomware,yofkhfskdyiqo.biz
529,ransomware,xrhwryizf5mui7a5.r8c85p.top
530,ransomware,p27dokhpz2n7nvgr.1jw2lx.top
531,ransomware,52uo5k3t73ypjije.6ec2xb.bid
532,ransomware,52uo5k3t73ypjije.fe98iy.top
533,ransomware,www.chromebewfk.top
534,ransomware,rootaleyz.top
535,ransomware,waduavfijwkanvf.xyz
536,ransomware,unocl45trpuoefft.md9eyv.bid
537,ransomware,52uo5k3t73ypjije.k7oud1.top
538,ransomware,bfd45u8ehdklrfqwlhbhjbgqw.niptana.at
539,ransomware,fuuwnsv.pw
540,ransomware,k34ew.keyedgell.com
541,ransomware,52uo5k3t73ypjije.oef1sh.bid
542,ransomware,hjhqmbxyinislkkt.1npg9s.top
543,ransomware,eywlmqugxx.info
544,ransomware,ahuqfrqk54v3vnzj.h4lu4i.bid
545,ransomware,52uo5k3t73ypjije.k56185.top
546,ransomware,unocl45trpuoefft.uw3r6a.top
547,ransomware,52uo5k3t73ypjije.l6ry3h.bid
548,ransomware,52uo5k3t73ypjije.8kcfnk.bid
549,ransomware,swfqg.in
550,ransomware,hjhqmbxyinislkkt.14klmz.top
551,ransomware,x5sbb5gesp6kzwsh.frontmain.pl
552,ransomware,fnjyygovdjyemga.xyz
553,ransomware,52uo5k3t73ypjije.ux93ip.top
554,ransomware,52uo5k3t73ypjije.ldsl8m.bid
555,ransomware,qfjhpgbefuhenjp7.18dwag.top
556,ransomware,52uo5k3t73ypjije.givxuf.bid
557,ransomware,cpawdrtxfjkwrkkl.pw
558,ransomware,vyohacxzoue32vvk.p9su2u.top
559,ransomware,ffoqr3ug7m726zou.yur4j5.top
560,ransomware,52uo5k3t73ypjije.u36ik0.bid
561,ransomware,ik4dm.mazerunci.at
562,ransomware,p27dokhpz2n7nvgr.1cw65b.top
563,ransomware,4kqd3hmqgptupi3p.249isv.bid
564,ransomware,sumnitdomains.top
565,ransomware,4kqd3hmqgptupi3p.boxsame.kim
566,ransomware,52uo5k3t73ypjije.bj9eea.bid
567,ransomware,52uo5k3t73ypjije.ei9evn.top
568,ransomware,xfyubqmldwvuyar.yt
569,ransomware,pmenboeqhyrpvomq.n41n1a.top
570,ransomware,4kqd3hmqgptupi3p.storingus.gdn
571,ransomware,wjtqjleommc4z46i.9sellg.bid
572,ransomware,wrubyjtvqhxaqkh.pw
573,ransomware,cerberhhyed5frqa.m5gips.win
574,ransomware,qfjhpgbefuhenjp7.1cosak.top
575,ransomware,cerberhhyed5frqa.moneu5.win
576,ransomware,hjhqmbxyinislkkt.12ct4c.top
577,ransomware,hjhqmbxyinislkkt.18yzmj.top
578,ransomware,unocl45trpuoefft.sp4o1t.bid
579,ransomware,4kqd3hmqgptupi3p.namefalls.pro
580,ransomware,p27dokhpz2n7nvgr.1dz7gk.top
581,ransomware,vyohacxzoue32vvk.xy2rlg.bid
582,ransomware,p27dokhpz2n7nvgr.17u2yg.top
583,ransomware,4kqd3hmqgptupi3p.easyits.black
584,ransomware,unocl45trpuoefft.l97i5a.bid
585,ransomware,unocl45trpuoefft.cm5ohx.bid
586,ransomware,52uo5k3t73ypjije.m33d4b.bid
587,ransomware,cpyrltela.pw
588,ransomware,ffoqr3ug7m726zou.zkxb17.top
589,ransomware,unocl45trpuoefft.wl8t6k.bid
590,ransomware,unocl45trpuoefft.ttabop.bid
591,ransomware,sgrnhwyqxdk.pw
592,ransomware,fnmi62725zfti2vy.o08ra6.top
593,ransomware,52uo5k3t73ypjije.u2r7tm.bid
594,ransomware,unocl45trpuoefft.ibngww.top
595,ransomware,qfjhpgbefuhenjp7.143kzi.top
596,ransomware,52uo5k3t73ypjije.n41n1a.top
597,ransomware,52uo5k3t73ypjije.pr2zwz.bid
598,ransomware,p27dokhpz2n7nvgr.18kkhl.top
599,ransomware,unocl45trpuoefft.rslh9a.top
600,ransomware,52uo5k3t73ypjije.uwckha.top
601,ransomware,hjhqmbxyinislkkt.1fzz7a.top
602,ransomware,wjtqjleommc4z46i.z7uxzg.bid
603,ransomware,32kl2rwsjvqjeui7.onion.to
604,ransomware,vyohacxzoue32vvk.mayrwf.top
605,ransomware,pmenboeqhyrpvomq.mtxtul.top
606,ransomware,vewrb.italisumo.at
607,ransomware,4kqd3hmqgptupi3p.dozensby.loan
608,ransomware,avsxrcoq2q5fgrw2.nbz4dn.top
609,ransomware,stgg5jv6mqiibmax.toranimals.li
610,ransomware,4kqd3hmqgptupi3p.z97f9v.bid
611,ransomware,wjtqjleommc4z46i.ilmgcl.bid
612,ransomware,p27dokhpz2n7nvgr.1eeb86.top
613,ransomware,27lelchgcvs2wpm7.wishsends.mobi
614,ransomware,uuwflbmjmi.eu
615,ransomware,unocl45trpuoefft.r21wmw.top
616,ransomware,27lelchgcvs2wpm7.fm0cga.top
617,ransomware,hjhqmbxyinislkkt.1aq4sz.top
618,ransomware,52uo5k3t73ypjije.6w3rkc.bid
619,ransomware,blxbymhjva.info
620,ransomware,4kqd3hmqgptupi3p.eventeach.gdn
621,ransomware,avsxrcoq2q5fgrw2.et7izd.top
622,ransomware,cerberhhyed5frqa.45gf4t.win
623,ransomware,accemfsqovkd.pw
624,ransomware,pmenboeqhyrpvomq.xx6jck.top
625,ransomware,unocl45trpuoefft.rgbb50.bid
626,ransomware,wjtqjleommc4z46i.4bb9vz.bid
627,ransomware,avsxrcoq2q5fgrw2.uunmkj.top
628,ransomware,ahuqfrqk54v3vnzj.6avw2a.bid
629,ransomware,ojmekzw4mujvqeju.bioserv.at
630,ransomware,avsxrcoq2q5fgrw2.r1sjrp.top
631,ransomware,vyohacxzoue32vvk.fp6fj6.top
632,ransomware,p27dokhpz2n7nvgr.1d8m97.top
633,ransomware,p27dokhpz2n7nvgr.1chy1m.top
634,ransomware,oqwygprskqv65j72.1d88b8.top
635,ransomware,p27dokhpz2n7nvgr.1psts4.top
636,ransomware,unocl45trpuoefft.cgf59i.top
637,ransomware,4kqd3hmqgptupi3p.7w9p1n.bid
638,ransomware,52uo5k3t73ypjije.0vgu64.top
639,ransomware,hjhqmbxyinislkkt.1fy93v.top
640,ransomware,hjhqmbxyinislkkt.12bxp9.top
641,ransomware,52uo5k3t73ypjije.8hphyr.top
642,ransomware,cerberhhyed5frqa.lib2vi.win
643,ransomware,hjhqmbxyinislkkt.1fttxm.top
644,ransomware,tregretryfaltervipo.top
645,ransomware,27lelchgcvs2wpm7.xkfi59.top
646,ransomware,hjhqmbxyinislkkt.1kraqn.top
647,ransomware,unocl45trpuoefft.dwkofh.top
648,ransomware,p27dokhpz2n7nvgr.1cauz3.top
649,ransomware,unocl45trpuoefft.jcife9.bid
650,ransomware,qfjhpgbefuhenjp7.158ugp.top
651,ransomware,hjhqmbxyinislkkt.1accfa.top
652,ransomware,irhng84nfaslbv243ljtblwqjrb.pinnafaon.at
653,ransomware,pdlbtnfhtoxghb.org
654,ransomware,unocl45trpuoefft.sirchi.bid
655,ransomware,gvludcvhcrjwmgq.in
656,ransomware,4kqd3hmqgptupi3p.ownamount.pro
657,ransomware,unityrulesyur.top
658,ransomware,52uo5k3t73ypjije.vor28o.bid
659,ransomware,52uo5k3t73ypjije.srmlzh.bid
660,ransomware,52uo5k3t73ypjije.ti4wic.top
661,ransomware,qfjhpgbefuhenjp7.17cwdi.top
662,ransomware,52uo5k3t73ypjije.n8niwa.bid
663,ransomware,52uo5k3t73ypjije.omrexj.top
664,ransomware,52uo5k3t73ypjije.5o4bjf.bid
665,ransomware,ffoqr3ug7m726zou.1321z6.top
666,ransomware,p27dokhpz2n7nvgr.13gmvm.top
667,ransomware,semiconductry.top
668,ransomware,g4dhhg53jsdjnnkjwjrfyiouh3o4u4th.vinerteen.com
669,ransomware,3qbyaoohkcqkzrz6.tormaster.ch
670,ransomware,dtojlhpasjk.pw
671,ransomware,lpholfnvwbukqwye.onion.to
672,ransomware,hjhqmbxyinislkkt.1gswwp.top
673,ransomware,4kqd3hmqgptupi3p.y12acl.bid
674,ransomware,cerberhhyed5frqa.sims6n.win
675,ransomware,52uo5k3t73ypjije.209kai.bid
676,ransomware,3qbyaoohkcqkzrz6.livecamshow.ch
677,ransomware,52uo5k3t73ypjije.kzo8mc.top
678,ransomware,52uo5k3t73ypjije.9bjnlk.bid
679,ransomware,p27dokhpz2n7nvgr.1evjph.top
680,ransomware,4kqd3hmqgptupi3p.newrange.link
681,ransomware,pmenboeqhyrpvomq.li4loi.top
682,ransomware,unocl45trpuoefft.xlxd92.bid
683,ransomware,hjhqmbxyinislkkt.1bu9xu.top
684,ransomware,wjtqjleommc4z46i.au6d1d.bid
685,ransomware,unittogreas.top
686,ransomware,p27dokhpz2n7nvgr.1cvmb4.top
687,ransomware,52uo5k3t73ypjije.rexjyp.bid
688,ransomware,xrhwryizf5mui7a5.rt01jw.top
689,ransomware,4kqd3hmqgptupi3p.thyx30.top
690,ransomware,qfjhpgbefuhenjp7.1mkwry.top
691,ransomware,52uo5k3t73ypjije.7j6htz.bid
692,ransomware,kkr4hbwdklf234bfl84uoqleflqwrfqwuelfh.brazabaya.com
693,ransomware,wjtqjleommc4z46i.7hu6og.bid
694,ransomware,52uo5k3t73ypjije.y12acl.bid
695,ransomware,4kqd3hmqgptupi3p.sitcalls.us
696,ransomware,52uo5k3t73ypjije.txszfs.top
697,ransomware,xrhwryizf5mui7a5.50mb1c.bid
698,ransomware,52uo5k3t73ypjije.ddwub3.top
699,ransomware,de2nuvwegoo32oqv.tortelevision.li
700,ransomware,4kqd3hmqgptupi3p.boxtimed.gdn
701,ransomware,cerberhhyed5frqa.ti4wic.win
702,ransomware,hjhqmbxyinislkkt.1mqvsc.top
703,ransomware,y4bxj.adozeuds.com
704,ransomware,27lelchgcvs2wpm7.h9ihx3.top
705,ransomware,4kqd3hmqgptupi3p.2y4t6f.bid
706,ransomware,52uo5k3t73ypjije.eoivrm.bid
707,ransomware,vyohacxzoue32vvk.vjso7r.top
708,ransomware,ffoqr3ug7m726zou.l6r7i9.top
709,ransomware,4kqd3hmqgptupi3p.csv7o6.bid
710,ransomware,pennysgoods.top
711,ransomware,unocl45trpuoefft.gg4dgp.bid
712,ransomware,yuertao.pw
713,ransomware,4kqd3hmqgptupi3p.1zp109.bid
714,ransomware,tqlcjh.fr
715,ransomware,vyohacxzoue32vvk.ac7zvz.top
716,ransomware,hjhqmbxyinislkkt.1c1ajf.top
717,ransomware,unocl45trpuoefft.054t69.bid
718,ransomware,iuieylpvfurcvmpk.pw
719,ransomware,wvltrlrnf.xyz
720,ransomware,stgg5jv6mqiibmax.torbrouke.li
721,ransomware,vyohacxzoue32vvk.ss8doe.top
722,ransomware,52uo5k3t73ypjije.kml2o2.top
723,ransomware,3qbyaoohkcqkzrz6.torstation.li
724,ransomware,4kqd3hmqgptupi3p.cutslifes.bid
725,ransomware,unocl45trpuoefft.ckw9fm.top
726,ransomware,52uo5k3t73ypjije.dmvute.top
727,ransomware,sondr5344ygfweyjbfkw4fhsefv.heliofetch.at
728,ransomware,ffoqr3ug7m726zou.2rl0pv.top
729,ransomware,fnmi62725zfti2vy.13inb1.top
730,ransomware,4kqd3hmqgptupi3p.goodslet.win
731,ransomware,earthspiruitr.top
732,ransomware,4kqd3hmqgptupi3p.gletterstan.trade
733,ransomware,vyohacxzoue32vvk.zz3w5l.bid
734,ransomware,52uo5k3t73ypjije.ku824r.bid
735,ransomware,bxlrywuuobje.pw
736,ransomware,4kqd3hmqgptupi3p.43wjor.top
737,ransomware,ffoqr3ug7m726zou.wx2n44.top
738,ransomware,avsxrcoq2q5fgrw2.yr1h37.top
739,ransomware,vyohacxzoue32vvk.k9p80d.top
740,ransomware,52uo5k3t73ypjije.68xmf9.bid
741,ransomware,ffoqr3ug7m726zou.17vj7b.top
742,ransomware,aarnknthc.xyz
743,ransomware,ywjgjvpuyitnbiw.info
744,ransomware,cerberhhyed5frqa.305iot.win
745,ransomware,hjhqmbxyinislkkt.12gsjz.top
746,ransomware,unocl45trpuoefft.jdf4je.bid
747,ransomware,52uo5k3t73ypjije.dmrueo.top
748,ransomware,applesnoutsthings.bid
749,ransomware,unocl45trpuoefft.piy4l3.bid
750,ransomware,avsxrcoq2q5fgrw2.5s96fr.top
751,ransomware,hjhqmbxyinislkkt.1pcvko.top
752,ransomware,vyohacxzoue32vvk.nta934.top
753,ransomware,cerberhhyed5frqa.wewiso.win
754,ransomware,pe2cku7pebkpgeko.yjo0z9.top
755,ransomware,4kqd3hmqgptupi3p.salethe.gdn
756,ransomware,52uo5k3t73ypjije.kswcuk.top
757,ransomware,urulvtffwoq.xyz
758,ransomware,27lelchgcvs2wpm7.uboys5.top
759,ransomware,vyohacxzoue32vvk.c8jxpp.top
760,ransomware,ktlgpiilbj.biz
761,ransomware,hycninyxuaa.xyz
762,ransomware,unocl45trpuoefft.o8hpwj.top
763,ransomware,unocl45trpuoefft.9lx4s6.bid
764,ransomware,unocl45trpuoefft.o2dval.top
765,ransomware,lfdachijzuwx4bc4.u9fcji.bid
766,ransomware,3qbyaoohkcqkzrz6.bestxprice.ch
767,ransomware,svvgyjweurxn.click
768,ransomware,vyohacxzoue32vvk.7m7ujm.bid
769,ransomware,xrhwryizf5mui7a5.h44l3d.bid
770,ransomware,unocl45trpuoefft.vlwbcz.bid
771,ransomware,qlwnvdjwro.pw
772,ransomware,mwqwverayognn.pw
773,ransomware,52uo5k3t73ypjije.fkgrie.top
774,ransomware,ffoqr3ug7m726zou.bd7tlu.top
775,ransomware,ffoqr3ug7m726zou.utebcd.top
776,ransomware,unocl45trpuoefft.hur45z.bid
777,ransomware,4kqd3hmqgptupi3p.stopsage.gdn
778,ransomware,mxyfasm.pw
779,ransomware,52uo5k3t73ypjije.lrraca.bid
780,ransomware,stgg5jv6mqiibmax.torclever.li
781,ransomware,52uo5k3t73ypjije.thyx30.top
782,ransomware,52uo5k3t73ypjije.dsv023.bid
783,ransomware,hjhqmbxyinislkkt.1grvue.top
784,ransomware,dqtfhkgskushlum.org
785,ransomware,tes543berda73i48fsdfsd.keratadze.at
786,ransomware,52uo5k3t73ypjije.ka0te8.top
787,ransomware,aqmip.fr
788,ransomware,52uo5k3t73ypjije.k9z7pm.top
789,ransomware,52uo5k3t73ypjije.kzhzuc.top
790,ransomware,pmenboeqhyrpvomq.r21wmw.top
791,ransomware,vyohacxzoue32vvk.0vtwzy.top
792,ransomware,52uo5k3t73ypjije.ooulp2.bid
793,ransomware,wjtqjleommc4z46i.vh6vss.bid
794,ransomware,avsxrcoq2q5fgrw2.wgx4go.top
795,ransomware,mphtadhci5mrdlju.tor2web.org
796,ransomware,hjhqmbxyinislkkt.15e8hv.top
797,ransomware,ffoqr3ug7m726zou.zu3fzc.bid
798,ransomware,jhomitevd2abj3fk.onion.to
799,ransomware,p27dokhpz2n7nvgr.1pglcs.top
800,ransomware,unocl45trpuoefft.r2vai7.bid
801,ransomware,ffoqr3ug7m726zou.xe1ws1.top
802,ransomware,unocl45trpuoefft.thanreal.link
803,ransomware,cerberhhyed5frqa.xmfkr8.top
804,ransomware,52uo5k3t73ypjije.lib2vi.top
805,ransomware,cerberhhyed5frqa.xtrvb4.win
806,ransomware,27lelchgcvs2wpm7.bonbestal.asia
807,ransomware,i3ezlvkoi7fwyood.onion.to
808,ransomware,4kqd3hmqgptupi3p.xmfru5.top
809,ransomware,hmndhdbscgru.pw
810,ransomware,52uo5k3t73ypjije.6j7jcn.bid
811,ransomware,4kqd3hmqgptupi3p.valueshes.bid
812,ransomware,hjhqmbxyinislkkt.1e47tj.top
813,ransomware,unocl45trpuoefft.42wunw.bid
814,ransomware,p27dokhpz2n7nvgr.15l2ub.top
815,ransomware,4w5wihkwyhsav2ha.fastdances.at
816,ransomware,4kqd3hmqgptupi3p.rsi6gn.top
817,ransomware,wjtqjleommc4z46i.ldsl8m.bid
818,ransomware,iqfyujpvubwawc.pw
819,ransomware,nn54djhfnrnm4dnjnerfsd.replylaten.at
820,ransomware,dolfexalto.com
821,ransomware,hjhqmbxyinislkkt.1mat7v.top
822,ransomware,rqfsctpgpuani.pw
823,ransomware,dkoipg.pw
824,ransomware,wpvvusso.xyz
825,ransomware,wjtqjleommc4z46i.y7603i.bid
826,ransomware,unocl45trpuoefft.ev6i0x.bid
827,ransomware,de2nuvwegoo32oqv.torbook.li
828,ransomware,uj5nj.onanwhit.com
829,ransomware,vyohacxzoue32vvk.w67y8u.bid
830,ransomware,sdwempsovemtr.yt
831,ransomware,hjhqmbxyinislkkt.1nm62r.top
832,ransomware,cerberhhyed5frqa.we34re.win
833,ransomware,4kqd3hmqgptupi3p.somegave.info
834,ransomware,p27dokhpz2n7nvgr.1kja1j.top
835,ransomware,cerberhhyed5frqa.xmfir0.win
836,ransomware,hjhqmbxyinislkkt.1gu5um.top
837,ransomware,52uo5k3t73ypjije.e32d1o.bid
838,ransomware,unocl45trpuoefft.moonsides.faith
839,ransomware,pe2cku7pebkpgeko.hclz73.top
840,ransomware,52uo5k3t73ypjije.5ittco.bid
842,ransomware,52uo5k3t73ypjije.wl52rt.bid
843,ransomware,p27dokhpz2n7nvgr.1cbcpy.top
844,ransomware,acjhwpdjhlhbncf.click
845,ransomware,52uo5k3t73ypjije.zcwrhe.bid
846,ransomware,52uo5k3t73ypjije.red4is.top
847,ransomware,vyohacxzoue32vvk.u8e2dz.top
848,ransomware,bwcfinnt.work
849,ransomware,govementruystd.top
850,ransomware,p27dokhpz2n7nvgr.1js3tl.top
851,ransomware,vyohacxzoue32vvk.fsly47.top
852,ransomware,52uo5k3t73ypjije.xmfru5.top
853,ransomware,h3ds4.maconslab.com
854,ransomware,ffoqr3ug7m726zou.rssh3l.bid
855,ransomware,52uo5k3t73ypjije.9sfrr0.bid
856,ransomware,pe2cku7pebkpgeko.z5xfkc.top
857,ransomware,ahuqfrqk54v3vnzj.zn90h4.bid
858,ransomware,kjkwjqvqrjocpi.xyz
859,ransomware,unocl45trpuoefft.36u6mp.bid
860,ransomware,hjhqmbxyinislkkt.1gredn.top
861,ransomware,52uo5k3t73ypjije.7wrwp4.top
862,ransomware,cerberhhyed5frqa.as13fd.win
863,ransomware,unocl45trpuoefft.ceikto.bid
864,ransomware,52uo5k3t73ypjije.g5196b.bid
865,ransomware,4kqd3hmqgptupi3p.9ildst.top
866,ransomware,ffoqr3ug7m726zou.do9wwg.top
867,ransomware,yaynawvtuqcarjwc.pw
868,ransomware,ftoxmpdipwobp4qy.199ovv.top
869,ransomware,abvtqhwodwjmi.work
870,ransomware,plfbvdrpvsm.pw
871,ransomware,xpcx6erilkjced3j.19kdeh.top
872,ransomware,52uo5k3t73ypjije.gmnjz7.bid
873,ransomware,unocl45trpuoefft.0kv6tw.bid
874,ransomware,p27dokhpz2n7nvgr.15oqwp.top
875,ransomware,52uo5k3t73ypjije.gnuvaw.bid
876,ransomware,52uo5k3t73ypjije.hbd7m4.bid
877,ransomware,wjtqjleommc4z46i.cto5ee.bid
878,ransomware,wjtqjleommc4z46i.t4jp3w.bid
879,ransomware,27c73bq66y4xqoh7.dorfact.at
880,ransomware,vyohacxzoue32vvk.7a07br.bid
881,ransomware,lfdachijzuwx4bc4.8dlgyg.bid
882,ransomware,p27dokhpz2n7nvgr.13upky.top
883,ransomware,fitga.ru
884,ransomware,cerberhhyed5frqa.fgfid6.win
885,ransomware,4kqd3hmqgptupi3p.a0g0o7.bid
886,ransomware,p27dokhpz2n7nvgr.16fohp.top
887,ransomware,52uo5k3t73ypjije.4ynpjd.top
888,ransomware,vyohacxzoue32vvk.l4dlll.bid
889,ransomware,nhhyxorxbxarxe.org
890,ransomware,pmenboeqhyrpvomq.kswcuk.top
891,ransomware,unocl45trpuoefft.bjahwh.bid
892,ransomware,tuouyunittyewr.top
893,ransomware,cerberhhyed5frqa.we34re.top
894,ransomware,4kqd3hmqgptupi3p.lobulz.bid
895,ransomware,p27dokhpz2n7nvgr.1ms2rx.top
896,ransomware,unocl45trpuoefft.csdbnk.bid
897,ransomware,ahuqfrqk54v3vnzj.x90yk1.bid
898,ransomware,l123d.feustude.at
899,ransomware,vrympoqs5ra34nfo.bigclear.at
900,ransomware,52uo5k3t73ypjije.p2lsgr.top
901,ransomware,cerberhhyed5frqa.wet4io.win
902,ransomware,vyohacxzoue32vvk.0ayn1s.top
903,ransomware,jxqdry.ru
904,ransomware,ycvcjbhgkmsiyhdd.info
905,ransomware,27lelchgcvs2wpm7.ag082d.top
906,ransomware,p27dokhpz2n7nvgr.1gvql3.top
907,ransomware,ffoqr3ug7m726zou.2msuuj.top
908,ransomware,hjhqmbxyinislkkt.1qk2un.top
909,ransomware,52uo5k3t73ypjije.imhhwm.top
910,ransomware,hjhqmbxyinislkkt.19xdpm.top
911,ransomware,52uo5k3t73ypjije.ojx58b.bid
912,ransomware,qfjhpgbefuhenjp7.1jrkyn.top
913,ransomware,4kqd3hmqgptupi3p.byeraser.lol
914,ransomware,52uo5k3t73ypjije.zda7bk.top
915,ransomware,pe2cku7pebkpgeko.ahovbr.top
916,ransomware,muuojcu.xyz
917,ransomware,xpcx6erilkjced3j.1blery.top
918,ransomware,52uo5k3t73ypjije.k0dcd2.bid
919,ransomware,b4youfred5485jgsa3453f.italazudda.com
920,ransomware,omeaswslhgdw.xyz
921,ransomware,unocl45trpuoefft.249isv.bid
922,ransomware,ytrest84y5i456hghadefdsd.pontogrot.com
923,ransomware,32kl2rwsjvqjeui7.tor2web.org
924,ransomware,52uo5k3t73ypjije.8rrxd9.bid
925,ransomware,4w5wihkwyhsav2ha.dreamtest.at
926,ransomware,4kqd3hmqgptupi3p.meetbinds.pw
927,ransomware,ahuqfrqk54v3vnzj.1vcxfn.bid
928,ransomware,ffoqr3ug7m726zou.1mwipu.top
929,ransomware,qdvkdyvrtpjc.pw
930,ransomware,hjhqmbxyinislkkt.1gzjuc.top
931,ransomware,52uo5k3t73ypjije.z97f9v.bid
932,ransomware,wjtqjleommc4z46i.jal9lk.bid
933,ransomware,52uo5k3t73ypjije.vlo18w.bid
934,ransomware,27lelchgcvs2wpm7.rt4e34.win
935,ransomware,52uo5k3t73ypjije.086ux2.top
936,ransomware,ifohvkxmyp.biz
937,ransomware,52uo5k3t73ypjije.cc0r87.bid
938,ransomware,ffoqr3ug7m726zou.umvv28.top
939,ransomware,88fga.ketteaero.com
940,ransomware,umjjvccteg.biz
941,ransomware,hjhqmbxyinislkkt.1csesc.top
942,ransomware,52uo5k3t73ypjije.zclw5i.top
943,ransomware,ffoqr3ug7m726zou.b31wkh.bid
944,ransomware,p27dokhpz2n7nvgr.13xwn9.top
945,ransomware,52uo5k3t73ypjije.cpvwgx.bid
946,ransomware,unocl45trpuoefft.f17bam.bid
947,ransomware,52uo5k3t73ypjije.z6a7f1.bid
948,ransomware,ffoqr3ug7m726zou.zio9yg.bid
949,ransomware,lfdachijzuwx4bc4.tx0igu.bid
950,ransomware,52uo5k3t73ypjije.nh47ri.bid
951,ransomware,p27dokhpz2n7nvgr.1ajohk.top
952,ransomware,52uo5k3t73ypjije.cto5ee.bid
953,ransomware,4kqd3hmqgptupi3p.nextask.loan
954,ransomware,52uo5k3t73ypjije.2llgoy.bid
955,ransomware,sqrgvbgfyya.org
956,ransomware,4kqd3hmqgptupi3p.goshare.red
957,ransomware,x5sbb5gesp6kzwsh.mailteam.pl
958,ransomware,4kqd3hmqgptupi3p.nh47ri.bid
959,ransomware,ahuqfrqk54v3vnzj.tjubo1.top
960,ransomware,oqwygprskqv65j72.1fdlhn.top
961,ransomware,p27dokhpz2n7nvgr.1fel3k.top
962,ransomware,wjtqjleommc4z46i.xjwlms.bid
963,ransomware,avsxrcoq2q5fgrw2.9c431m.bid
964,ransomware,4kqd3hmqgptupi3p.g7kcux.bid
965,ransomware,unocl45trpuoefft.kg5bof.bid
966,ransomware,p27dokhpz2n7nvgr.17m14u.top
967,ransomware,52uo5k3t73ypjije.ujtwhg.top
968,ransomware,dyoravdkiavfkbkx.pw
969,ransomware,www.watherfka.top
970,ransomware,cerberhhyed5frqa.cneo59.top
971,ransomware,wjtqjleommc4z46i.salethe.gdn
972,ransomware,ltpwqva.xyz
973,ransomware,52uo5k3t73ypjije.yty0gm.bid
974,ransomware,unocl45trpuoefft.8kcfnk.bid
975,ransomware,hjhqmbxyinislkkt.18nepv.top
976,ransomware,p27dokhpz2n7nvgr.1lcteo.top
977,ransomware,p27dokhpz2n7nvgr.1pymg3.top
978,ransomware,avsxrcoq2q5fgrw2.w22p3v.top
979,ransomware,p27dokhpz2n7nvgr.1cggqc.top
980,ransomware,unocl45trpuoefft.kml2o2.top
981,ransomware,hjhqmbxyinislkkt.19s7gy.top
982,ransomware,pmenboeqhyrpvomq.m54tkp.bid
983,ransomware,ffoqr3ug7m726zou.y9kxz2.bid
984,ransomware,seelkqtkkqxvq.click
985,ransomware,xpcx6erilkjced3j.1ebjjq.top
986,ransomware,yyre45dbvn2nhbefbmh.begumvelic.at
987,ransomware,wersalitrestyws.top
988,ransomware,gnsquwmgukkpgpt.pw
989,ransomware,pe2cku7pebkpgeko.582h0n.top
990,ransomware,52uo5k3t73ypjije.7jiff7.top
991,ransomware,52uo5k3t73ypjije.lba61x.top
992,ransomware,ahsqbeospcdrngfv.info
993,ransomware,cerberhhyed5frqa.workju.win
994,ransomware,52uo5k3t73ypjije.rl0bdw.top
995,ransomware,4kqd3hmqgptupi3p.vkm4l6.top
996,ransomware,unocl45trpuoefft.idw6s5.bid
997,ransomware,3qbyaoohkcqkzrz6.torreactor.li
998,ransomware,52uo5k3t73ypjije.4pjetv.bid
999,ransomware,www.fkauueeepla.top
1000,ransomware,cerberhhyed5frqa.m5gid4.top
1001,ransomware,4kqd3hmqgptupi3p.liesshall.bid
1002,ransomware,4kqd3hmqgptupi3p.seemby.loan
1003,ransomware,hppfsslyeyseudg.biz
1004,ransomware,cerberhhyed5frqa.xmfhr6.win
1005,ransomware,wjtqjleommc4z46i.f0jlbj.bid
1006,ransomware,juhacjacjckclqf.pw
1007,ransomware,52uo5k3t73ypjije.e6in0v.top
1008,ransomware,cerberhhyed5frqa.m5fgoi.win
1009,ransomware,pe2cku7pebkpgeko.r1sjrp.top
1010,ransomware,luvenxj.uk
1011,ransomware,52uo5k3t73ypjije.kt70uk.bid
1012,ransomware,4kqd3hmqgptupi3p.6j7jcn.bid
1013,ransomware,unocl45trpuoefft.n41n1a.top
1014,ransomware,hjhqmbxyinislkkt.1bas8q.top
1015,ransomware,p27dokhpz2n7nvgr.1cq7gd.top
1016,ransomware,52uo5k3t73ypjije.sx90yk.bid
1017,ransomware,unocl45trpuoefft.og5ezh.top
1018,ransomware,52uo5k3t73ypjije.4n592s.top
1019,ransomware,wjtqjleommc4z46i.srtos7.bid
1020,ransomware,fnmi62725zfti2vy.1gtx3p.top
1021,ransomware,wjtqjleommc4z46i.j0n83w.bid
1022,ransomware,dwytqrgblrynsgtew.org
1023,ransomware,ahuqfrqk54v3vnzj.cb3pul.top
1024,ransomware,52uo5k3t73ypjije.35u068.bid
1025,ransomware,52uo5k3t73ypjije.40wiai.top
1026,ransomware,52uo5k3t73ypjije.yw4629.top
1027,ransomware,vyohacxzoue32vvk.roep3o.top
1028,ransomware,p27dokhpz2n7nvgr.1b3qjy.top
1029,ransomware,ffoqr3ug7m726zou.vjso7r.top
1030,ransomware,52uo5k3t73ypjije.62er3d.top
1031,ransomware,52uo5k3t73ypjije.kcufx4.top
1032,ransomware,52uo5k3t73ypjije.kzwor6.top
1033,ransomware,52uo5k3t73ypjije.zxtezv.bid
1034,ransomware,pmenboeqhyrpvomq.shutlazy.casa
1035,ransomware,52uo5k3t73ypjije.wht5py.top
1036,ransomware,p27dokhpz2n7nvgr.12uzfa.top
1037,ransomware,ffoqr3ug7m726zou.x9ap4h.top
1038,ransomware,pe2cku7pebkpgeko.1cb19l.top
1039,ransomware,52uo5k3t73ypjije.bnctf6.top
1040,ransomware,p27dokhpz2n7nvgr.1axzcw.top
1041,ransomware,52uo5k3t73ypjije.hawtzr.bid
1042,ransomware,hjhqmbxyinislkkt.12zucf.top
1043,ransomware,cerberhhyed5frqa.m5gid4.win
1044,ransomware,ffoqr3ug7m726zou.l4dlll.bid
1045,ransomware,pmenboeqhyrpvomq.swissprogramms.bid
1046,ransomware,4kqd3hmqgptupi3p.wallluck.date
1047,ransomware,4kqd3hmqgptupi3p.outputon.asia
1048,ransomware,xpcx6erilkjced3j.1cgbcv.top
1049,ransomware,52uo5k3t73ypjije.dkriur.top
1050,ransomware,4kqd3hmqgptupi3p.6h03gw.top
1051,ransomware,uhufnlsad7bhf4ykqfbevmxergwrth.himfinn.com
1052,ransomware,i5ndw.titlecorta.at
1053,ransomware,4kqd3hmqgptupi3p.8kcfnk.bid
1054,ransomware,unocl45trpuoefft.larebg.bid
1055,ransomware,8b4bb47tiaolhy4uhhlfaqerg.sofarany.at
1056,ransomware,ffoqr3ug7m726zou.b4abvx.top
1057,ransomware,p27dokhpz2n7nvgr.12vpkc.top
1058,ransomware,ffoqr3ug7m726zou.momg04.top
1059,ransomware,unocl45trpuoefft.y721yz.top
1060,ransomware,4kqd3hmqgptupi3p.as5su5.top
1061,ransomware,pmenboeqhyrpvomq.azwsxe.top
1062,ransomware,fuuasvhpsvuihlnje.pw
1063,ransomware,poimoiyreque5.pw
1064,ransomware,unocl45trpuoefft.u64rj2.top
1065,ransomware,qfjhpgbefuhenjp7.19ckzf.top
1066,ransomware,cerberhhyed5frqa.xo59ok.win
1067,ransomware,oqwygprskqv65j72.13gpqd.top
1068,ransomware,svkjhguk.ru
1069,ransomware,4kqd3hmqgptupi3p.mustspace.us
1070,ransomware,ahuqfrqk54v3vnzj.xs2xeh.bid
1071,ransomware,bqukfjfv.org
1072,ransomware,cerberhhyed5frqa.adevf4.win
1073,ransomware,unocl45trpuoefft.vkm4l6.top
1074,ransomware,pmenboeqhyrpvomq.s71vsc.top
1075,ransomware,4kqd3hmqgptupi3p.adevf4.top
1076,ransomware,unocl45trpuoefft.hxrd02.bid
1077,ransomware,unocl45trpuoefft.eyohd2.top
1078,ransomware,6dtxgqam4crv6rr6.onion.cab
1079,ransomware,unocl45trpuoefft.31wkhu.top
1080,ransomware,hjhqmbxyinislkkt.1eeyaj.top
1081,ransomware,p27dokhpz2n7nvgr.1cewld.top
1082,ransomware,52uo5k3t73ypjije.uwckha.bid
1083,ransomware,ffoqr3ug7m726zou.zn90h4.bid
1084,ransomware,unocl45trpuoefft.ll3zot.bid
1085,ransomware,unocl45trpuoefft.s7b63k.bid
1086,ransomware,hjhqmbxyinislkkt.1adh2r.top
1087,ransomware,4kqd3hmqgptupi3p.gs2ka7.top
1088,ransomware,gfwncoyhbdvggns.pw
1089,ransomware,cerberhhyed5frqa.alri58.win
1090,ransomware,unocl45trpuoefft.on2420.bid
1091,ransomware,wjtqjleommc4z46i.y12acl.bid
1092,ransomware,sgowntfjwkybawi.pw
1093,ransomware,pmenboeqhyrpvomq.enanhb.bid
1094,ransomware,unocl45trpuoefft.knowhands.us
1095,ransomware,52uo5k3t73ypjije.5tb8hy.bid
1096,ransomware,52uo5k3t73ypjije.catfills.mobi
1097,ransomware,52uo5k3t73ypjije.k8ytej.bid
1098,ransomware,nikessysleys.top
1099,ransomware,52uo5k3t73ypjije.i6gn9s.bid
1100,ransomware,xpcx6erilkjced3j.18ey8e.top
1101,ransomware,4kqd3hmqgptupi3p.athere.in
1102,ransomware,fooplodanx.top
1103,ransomware,hjhqmbxyinislkkt.142djp.top
1104,ransomware,qfjhpgbefuhenjp7.12efwa.top
1105,ransomware,4kqd3hmqgptupi3p.jal9lk.bid
1106,ransomware,52uo5k3t73ypjije.o6fa2g.bid
1107,ransomware,52uo5k3t73ypjije.f242v5.bid
1108,ransomware,cdxbbpngq.pw
1109,ransomware,4kqd3hmqgptupi3p.choiceher.win
1110,ransomware,lvanwwbyabcfevyi.pw
1111,ransomware,pe2cku7pebkpgeko.vfe2f1.top
1112,ransomware,52uo5k3t73ypjije.to6maq.top
1113,ransomware,52uo5k3t73ypjije.yv7l4b.top
1114,ransomware,52uo5k3t73ypjije.daigy0.top
1115,ransomware,wjtqjleommc4z46i.2y4t6f.bid
1116,ransomware,macooptwafkwchtpo.pw
1117,ransomware,27lelchgcvs2wpm7.b7mciu.top
1118,ransomware,p27dokhpz2n7nvgr.1lfyy4.top
1119,ransomware,wjtqjleommc4z46i.zclhx9.bid
1120,ransomware,mmhmtea.pw
1121,ransomware,lfdachijzuwx4bc4.83zw1f.bid
1122,ransomware,rolerxunitywsto.top
1123,ransomware,jymhmkdaxfbl.click
1124,ransomware,unocl45trpuoefft.kswcuk.top
1125,ransomware,wjtqjleommc4z46i.efyh72.bid
1126,ransomware,oqwygprskqv65j72.1nzpby.top
1127,ransomware,pe2cku7pebkpgeko.1mwipu.top
1128,ransomware,2ymh2gnnbg6pgq2r.winregion.tw
1129,ransomware,unocl45trpuoefft.pap44w.top
1130,ransomware,unintyregullyar.top
1131,ransomware,pmenboeqhyrpvomq.v11z5e.top
1132,ransomware,unocl45trpuoefft.cypz3w.top
1133,ransomware,unocl45trpuoefft.88wz5p.bid
1134,ransomware,dvmbtgoobxcc.pw
1135,ransomware,mphtadhci5mrdlju.onion.to
1136,ransomware,pmenboeqhyrpvomq.y5j7e6.top
1137,ransomware,wjtqjleommc4z46i.d11zjd.bid
1138,ransomware,4kqd3hmqgptupi3p.getsbug.kim
1139,ransomware,52uo5k3t73ypjije.vt3dg6.bid
1140,ransomware,rkiywansamtu.top
1141,ransomware,acbstypdrijslr.ru
1142,ransomware,wjtqjleommc4z46i.cm5ohx.bid
1143,ransomware,sxflmtgxerkpgwlnp.pw
1144,ransomware,avsxrcoq2q5fgrw2.arpbxw.top
1145,ransomware,cerberhhyed5frqa.xmfir0.top
1146,ransomware,nlpqflkbvkdde.eu
1147,ransomware,hjhqmbxyinislkkt.13bcem.top
1148,ransomware,ftoxmpdipwobp4qy.lxvmhm.top
1149,ransomware,toytyaclucomunit.top
1150,ransomware,p27dokhpz2n7nvgr.1jemdr.top
1151,ransomware,pmenboeqhyrpvomq.ka0te8.top
1152,ransomware,4kqd3hmqgptupi3p.breakown.loan
1153,ransomware,xrhwryizf5mui7a5.g72xh8.top
1154,ransomware,vyohacxzoue32vvk.79j8fm.top
1155,ransomware,52uo5k3t73ypjije.deg5xr.top
1156,ransomware,52uo5k3t73ypjije.msu96b.top
1157,ransomware,zutzt67dcxr6mxcn.onion.to
1158,ransomware,52uo5k3t73ypjije.lh9ax3.bid
1159,ransomware,ffoqr3ug7m726zou.yv3uwa.bid
1160,ransomware,vyohacxzoue32vvk.joco7r.top
1161,ransomware,hjhqmbxyinislkkt.1ntyds.top
1162,ransomware,unocl45trpuoefft.m9a225.top
1163,ransomware,52uo5k3t73ypjije.csj0k5.top
1164,ransomware,ffoqr3ug7m726zou.le6611.bid
1165,ransomware,pvwinlrmwvccuo.eu
1166,ransomware,crosseunity.top
1167,ransomware,52uo5k3t73ypjije.wins4n.win
1168,ransomware,lfdachijzuwx4bc4.vrgdrs.top
1169,ransomware,hjhqmbxyinislkkt.1mee2x.top
1170,ransomware,qfjhpgbefuhenjp7.12f53x.top
1171,ransomware,xpcx6erilkjced3j.1j9jad.top
1172,ransomware,hjhqmbxyinislkkt.1bcnad.top
1173,ransomware,p27dokhpz2n7nvgr.1plugt.top
1174,ransomware,wor4d.slewirk.at
1175,ransomware,as3ws.fopyirr.com
1176,ransomware,4kqd3hmqgptupi3p.ix1upt.bid
1177,ransomware,ffoqr3ug7m726zou.1nsnuh.top
1178,ransomware,p27dokhpz2n7nvgr.12gzrv.top
1179,ransomware,x5sbb5gesp6kzwsh.homewind.pl
1180,ransomware,52uo5k3t73ypjije.csdbnk.bid
1181,ransomware,unocl45trpuoefft.75tdcj.bid
1182,ransomware,cerberhhyed5frqa.zgf48j.win
1183,ransomware,avsxrcoq2q5fgrw2.ihuk7s.top
1184,ransomware,52uo5k3t73ypjije.hv42mo.bid
1185,ransomware,52uo5k3t73ypjije.rdmwha.bid
1186,ransomware,ffoqr3ug7m726zou.5m2n7x.top
1187,ransomware,ffoqr3ug7m726zou.5hmjh7.bid
1188,ransomware,wjtqjleommc4z46i.cc0r87.bid
1189,ransomware,qfjhpgbefuhenjp7.1jfjhb.top
1190,ransomware,xpcx6erilkjced3j.1jyrty.top
1191,ransomware,yuysikankhqvdwdv.xyz
1192,ransomware,unocl45trpuoefft.78of7m.bid
1193,ransomware,4kqd3hmqgptupi3p.gapplayed.link
1194,ransomware,hjhqmbxyinislkkt.19b6nk.top
1195,ransomware,ffoqr3ug7m726zou.1gtx3p.top
1196,ransomware,ahuqfrqk54v3vnzj.vgxcci.top
1197,ransomware,52uo5k3t73ypjije.0nyi6l.bid
1198,ransomware,4kqd3hmqgptupi3p.variedtax.kim
1199,ransomware,52uo5k3t73ypjije.sotn58.bid
1200,ransomware,avsxrcoq2q5fgrw2.ayjy5d.top
1201,ransomware,oqwygprskqv65j72.1aj1bb.top
1202,ransomware,avsxrcoq2q5fgrw2.p93w1x.bid
1203,ransomware,unocl45trpuoefft.freshsdog.loan
1204,ransomware,corefitness.info
1205,ransomware,p27dokhpz2n7nvgr.1jpb8w.top
1206,ransomware,52uo5k3t73ypjije.aclox4.bid
1207,ransomware,52uo5k3t73ypjije.1f1dw3.bid
1208,ransomware,52uo5k3t73ypjije.33dofy.top
1209,ransomware,qfjhpgbefuhenjp7.1a2jzy.top
1210,ransomware,52uo5k3t73ypjije.43wjor.top
1211,ransomware,lfdachijzuwx4bc4.djintc.bid
1212,ransomware,wjtqjleommc4z46i.uwckha.top
1213,ransomware,hjhqmbxyinislkkt.1a2xx3.top
1214,ransomware,p27dokhpz2n7nvgr.195heb.top
1215,ransomware,unocl45trpuoefft.na2iuz.bid
1216,ransomware,cerberhhyed5frqa.kipfgs65s.com
1217,ransomware,ibjgnqsthdyp.pw
1218,ransomware,hjhqmbxyinislkkt.1q7pwb.top
1219,ransomware,74nfnjhlq45nkgws4hbdbk45wekfjhqw4talefgnv.curryfort.at
1220,ransomware,52uo5k3t73ypjije.iait3w.bid
1221,ransomware,qfjhpgbefuhenjp7.17ipn9.top
1222,ransomware,52uo5k3t73ypjije.5ctoeb.bid
1223,ransomware,avsxrcoq2q5fgrw2.2wfe60.top
1224,ransomware,p27dokhpz2n7nvgr.1mir1h.top
1225,ransomware,p27dokhpz2n7nvgr.13ixv2.top
1226,ransomware,52uo5k3t73ypjije.fi50le.bid
1227,ransomware,ahuqfrqk54v3vnzj.n3oyw7.bid
1228,ransomware,52uo5k3t73ypjije.9ildst.top
1229,ransomware,hjhqmbxyinislkkt.19hj4f.top
1230,ransomware,vyohacxzoue32vvk.dks71o.bid
1231,ransomware,avxdypmdbo.pw
1232,ransomware,unocl45trpuoefft.1de02r.top
1233,ransomware,4kqd3hmqgptupi3p.f0jlbj.bid
1234,ransomware,vyohacxzoue32vvk.zu3fzc.bid
1235,ransomware,52uo5k3t73ypjije.sxjdpg.bid
1236,ransomware,52uo5k3t73ypjije.asxjdp.top
1237,ransomware,hjhqmbxyinislkkt.1bcxcs.top
1238,ransomware,cerberhhyed5frqa.cmti5o.win
1239,ransomware,52uo5k3t73ypjije.laugk2.top
1240,ransomware,ffoqr3ug7m726zou.u9fcji.bid
1241,ransomware,ffoqr3ug7m726zou.rzt69n.top
1242,ransomware,4kqd3hmqgptupi3p.6ogy3i.top
1243,ransomware,p27dokhpz2n7nvgr.1ebvqb.top
1244,ransomware,52uo5k3t73ypjije.wg00sp.bid
1245,ransomware,p27dokhpz2n7nvgr.1ktjse.top
1246,ransomware,unocl45trpuoefft.7eup7k.bid
1247,ransomware,lfdachijzuwx4bc4.0ndl3j.bid
1248,ransomware,unocl45trpuoefft.csv7o6.bid
1249,ransomware,unocl45trpuoefft.jsotn5.top
1250,ransomware,wjtqjleommc4z46i.e53rg4.bid
1251,ransomware,unocl45trpuoefft.c9kp0o.bid
1252,ransomware,qfjhpgbefuhenjp7.1mnsg6.top
1253,ransomware,ffoqr3ug7m726zou.wf912u.bid
1254,ransomware,cerberhhyed5frqa.li4loi.win
1255,ransomware,4kqd3hmqgptupi3p.hessale.pw
1256,ransomware,52uo5k3t73ypjije.bcjl1h.top
1257,ransomware,d34fa.lasmeio.com
1258,ransomware,p27dokhpz2n7nvgr.1nhkou.top
1259,ransomware,52uo5k3t73ypjije.er05vm.bid
1260,ransomware,hjhqmbxyinislkkt.1ppto6.top
1261,ransomware,kbv5s.kylepasse.at
1262,ransomware,pe2cku7pebkpgeko.5hmjh7.bid
1263,ransomware,52uo5k3t73ypjije.11pmnz.top
1264,ransomware,ytcijiooxdtlbevrh.info
1265,ransomware,pmenboeqhyrpvomq.5b1s82.top
1266,ransomware,52uo5k3t73ypjije.kyjw0g.bid
1267,ransomware,hjhqmbxyinislkkt.1gjpzp.top
1268,ransomware,unocl45trpuoefft.a4v4c3.bid
1269,ransomware,xpcx6erilkjced3j.1mpsnr.top
1270,ransomware,wjtqjleommc4z46i.c3fz3z.bid
1271,ransomware,unocl45trpuoefft.ks3ghp.bid
1272,ransomware,unocl45trpuoefft.ii2yoh.bid
1273,ransomware,52uo5k3t73ypjije.w8yolm.bid
1274,ransomware,qqtphtlhny.pw
1275,ransomware,3qbyaoohkcqkzrz6.torplanet.eu
1276,ransomware,unocl45trpuoefft.j404oy.bid
1277,ransomware,x5sbb5gesp6kzwsh.questpul.pl
1278,ransomware,cerberhhyed5frqa.vmfu48.win
1279,ransomware,unocl45trpuoefft.j0cia7.bid
1280,ransomware,52uo5k3t73ypjije.4nf7ij.top
1281,ransomware,p27dokhpz2n7nvgr.1dp6un.top
1282,ransomware,unocl45trpuoefft.whmykv.bid
1283,ransomware,wjtqjleommc4z46i.y2ijlz.bid
1284,ransomware,ffoqr3ug7m726zou.14gmtu.top
1285,ransomware,unocl45trpuoefft.ozlrnx.bid
1286,ransomware,unocl45trpuoefft.086ux2.top
1287,ransomware,wjtqjleommc4z46i.fwfu4t.bid
1288,ransomware,www.foolalexas.top
1289,ransomware,52uo5k3t73ypjije.w6sj06.bid
1290,ransomware,pmenboeqhyrpvomq.k7oud1.top
1291,ransomware,cerberhhyed5frqa.azlto5.win
1292,ransomware,unocl45trpuoefft.wz139z.top
1293,ransomware,avsxrcoq2q5fgrw2.y9kxz2.bid
1294,ransomware,p27dokhpz2n7nvgr.1cpb4z.top
1295,ransomware,27lelchgcvs2wpm7.adevf4.top
1296,ransomware,avsxrcoq2q5fgrw2.ewg6uf.bid
1297,ransomware,www.chromefastl.top
1298,ransomware,unocl45trpuoefft.3n9lut.bid
1299,ransomware,4kqd3hmqgptupi3p.cm5ohx.bid
1300,ransomware,4kqd3hmqgptupi3p.metmet.win
1301,ransomware,4kqd3hmqgptupi3p.anypicked.red
1302,ransomware,pmenboeqhyrpvomq.wn4h1k.top
1303,ransomware,unocl45trpuoefft.p2ix1u.bid
1304,ransomware,vrvis6ndra5jeggj.livewargaming.ch
1305,ransomware,4kqd3hmqgptupi3p.tieslaws.link
1306,ransomware,52uo5k3t73ypjije.dd4xo3.top
1307,ransomware,52uo5k3t73ypjije.jg6jtw.top
1308,ransomware,unocl45trpuoefft.i561zy.bid
1309,ransomware,4kqd3hmqgptupi3p.0vgu64.top
1310,ransomware,pe2cku7pebkpgeko.utebcd.top
1311,ransomware,avsxrcoq2q5fgrw2.y1fx4w.top
1312,ransomware,p27dokhpz2n7nvgr.1em2j4.top
1313,ransomware,pmenboeqhyrpvomq.2agglf.top
1314,ransomware,avsxrcoq2q5fgrw2.1mwipu.top
1315,ransomware,hjhqmbxyinislkkt.15u3kg.top
1316,ransomware,pmenboeqhyrpvomq.fm0cga.top
1317,ransomware,vyohacxzoue32vvk.3t3hyf.top
1318,ransomware,avsxrcoq2q5fgrw2.5m2n7x.top
1319,ransomware,52uo5k3t73ypjije.94ycl8.bid
1320,ransomware,xrhwryizf5mui7a5.uw9x7z.bid
1321,ransomware,52uo5k3t73ypjije.31wkhu.top
1322,ransomware,polaerunity.top
1323,ransomware,avsxrcoq2q5fgrw2.vofy7f.top
1324,ransomware,4kqd3hmqgptupi3p.homehuge.top
1325,ransomware,honourableud.top
1326,ransomware,52uo5k3t73ypjije.izyclz.bid
1327,ransomware,unocl45trpuoefft.cifbp9.bid
1328,ransomware,newgiftst.top
1329,ransomware,kpybuhnosdrm.in
1330,ransomware,wjtqjleommc4z46i.oodvxp.bid
1331,ransomware,4kqd3hmqgptupi3p.foodtopic.mobi
1332,ransomware,pe2cku7pebkpgeko.tsrwj3.top
1333,ransomware,vyohacxzoue32vvk.ean5e7.top
1334,ransomware,3qbyaoohkcqkzrz6.torprovider.li
1335,ransomware,p27dokhpz2n7nvgr.1daq6h.top
1336,ransomware,4kqd3hmqgptupi3p.mtxtul.top
1337,ransomware,52uo5k3t73ypjije.4oyhvh.top
1338,ransomware,52uo5k3t73ypjije.2y4t6f.bid
1339,ransomware,52uo5k3t73ypjije.ovpgod.top
1340,ransomware,52uo5k3t73ypjije.r21wmw.top
1341,ransomware,twbers4hmi6dc65f.onion.cab
1342,ransomware,p27dokhpz2n7nvgr.1321z6.top
1343,ransomware,uetwvrlnee.fr
1344,ransomware,oqwygprskqv65j72.1gqj8x.top
1345,ransomware,4kqd3hmqgptupi3p.barberryshin.casa
1346,ransomware,unocl45trpuoefft.m03t72.bid
1347,ransomware,nnrtsdf34dsjhb23rsdf.spannflow.com
1348,ransomware,4kqd3hmqgptupi3p.nameuser.site
1349,ransomware,unocl45trpuoefft.ageshere.club
1350,ransomware,ffoqr3ug7m726zou.hpwom3.top
1351,ransomware,wjtqjleommc4z46i.kt70uk.bid
1352,ransomware,ahuqfrqk54v3vnzj.c8jxpp.top
1353,ransomware,cerberhhyed5frqa.to6maq.win
1354,ransomware,52uo5k3t73ypjije.3gpdgx.bid
1355,ransomware,ffoqr3ug7m726zou.bpuhab.top
1356,ransomware,52uo5k3t73ypjije.cm5ohx.bid
1357,ransomware,52uo5k3t73ypjije.v11z5e.top
1358,ransomware,52uo5k3t73ypjije.s2xb1s.bid
1359,ransomware,4kqd3hmqgptupi3p.endsdoubt.loan
1360,ransomware,p27dokhpz2n7nvgr.17g6gc.top
1361,ransomware,52uo5k3t73ypjije.rnkj09.top
1362,ransomware,4kqd3hmqgptupi3p.pairsraw.loan
1363,ransomware,unocl45trpuoefft.yky1uf.bid
1364,ransomware,p27dokhpz2n7nvgr.1hpvzl.top
1365,ransomware,vrympoqs5ra34nfo.bigbird.at
1366,ransomware,hjhqmbxyinislkkt.1fygsg.top
1367,ransomware,4kqd3hmqgptupi3p.5ctoeb.bid
1368,ransomware,hjhqmbxyinislkkt.1mvku2.top
1369,ransomware,remoteunityrety.top
1370,ransomware,wjtqjleommc4z46i.o8hpwj.top
1371,ransomware,hjhqmbxyinislkkt.1kw51p.top
1372,ransomware,52uo5k3t73ypjije.o08a6d.top
1373,ransomware,ffoqr3ug7m726zou.4tkb0d.top
1374,ransomware,axnemuevqnstqyflb.work
1375,ransomware,unocl45trpuoefft.nmit4p.bid
1376,ransomware,unocl45trpuoefft.hyr1h3.bid
1377,ransomware,avsxrcoq2q5fgrw2.zi842m.bid
1378,ransomware,cerberhhyed5frqa.cneo59.win
1379,ransomware,52uo5k3t73ypjije.vkslju.bid
1380,ransomware,vyohacxzoue32vvk.5a5vmh.top
1381,ransomware,wjtqjleommc4z46i.srmlzh.bid
1382,ransomware,52uo5k3t73ypjije.o8hpwj.top
1383,ransomware,unocl45trpuoefft.emogew.bid
1384,ransomware,unocl45trpuoefft.zgheyh.bid
1385,ransomware,ffoqr3ug7m726zou.i4ucg2.bid
1386,ransomware,52uo5k3t73ypjije.7ud98m.bid
1387,ransomware,p27dokhpz2n7nvgr.1mfdt8.top
1388,ransomware,hjhqmbxyinislkkt.13khiv.top
1389,ransomware,xhrnfffaixawpuob.pw
1390,ransomware,hjhqmbxyinislkkt.11bwgu.top
1391,ransomware,unocl45trpuoefft.l05l27.top
1392,ransomware,p27dokhpz2n7nvgr.1pbfky.top
1393,ransomware,uxvvm.us
1394,ransomware,52uo5k3t73ypjije.b8ll6n.top
1395,ransomware,gwe32fdr74bhfsyujb34gfszfv.zatcurr.com
1396,ransomware,p27dokhpz2n7nvgr.1p5fwl.top
1397,ransomware,unocl45trpuoefft.zn9cme.bid
1398,ransomware,unocl45trpuoefft.mezy7j.bid
1399,ransomware,de2nuvwegoo32oqv.torspaces.li
1400,ransomware,qfjhpgbefuhenjp7.18rkju.top
1401,ransomware,ohpbdikmrrhr.pw
1402,ransomware,52uo5k3t73ypjije.xab7m0.top
1403,ransomware,unocl45trpuoefft.l69xgc.bid
1404,ransomware,olanasouce.000webhostapp.com/22/panel/admin.php